,Product_Name,Product_Price,Product_Link
0,O'Neill T-Shirt,"19,99 €",https://www.oneill.com/fr/fr/t-shirts?cgid=men-tees&prefn1=published&prefv1=true&prefn2=seasons&prefv2=NOS%7c182%7c185%7c190%7c180%7c192%7c195%7c175%7c200%7c205%7c202&start=0&sz=62/fr/fr/slub-jersey-short-sleeve-tee/0P3756-2059-L.html
1,Jack's Base Regular Fit T-Shirt,"22,99 €",https://www.oneill.com/fr/fr/t-shirts?cgid=men-tees&prefn1=published&prefv1=true&prefn2=seasons&prefv2=NOS%7c182%7c185%7c190%7c180%7c192%7c195%7c175%7c200%7c205%7c202&start=0&sz=62/fr/fr/slub-jersey-short-sleeve-tee/0P3756-2059-L.html
2,O'Neill T-Shirt,"19,99 €",https://www.oneill.com/fr/fr/t-shirts?cgid=men-tees&prefn1=published&prefv1=true&prefn2=seasons&prefv2=NOS%7c182%7c185%7c190%7c180%7c192%7c195%7c175%7c200%7c205%7c202&start=0&sz=62/fr/fr/slub-jersey-short-sleeve-tee/0P3756-2059-L.html
3,Jack's Base Regular Fit T-Shirt,"22,99 €",https://www.oneill.com/fr/fr/t-shirts?cgid=men-tees&prefn1=published&prefv1=true&prefn2=seasons&prefv2=NOS%7c182%7c185%7c190%7c180%7c192%7c195%7c175%7c200%7c205%7c202&start=0&sz=62/fr/fr/slub-jersey-short-sleeve-tee/0P3756-2059-L.html
4,O'Neill T-Shirt,"19,99 €",https://www.oneill.com/fr/fr/t-shirts?cgid=men-tees&prefn1=published&prefv1=true&prefn2=seasons&prefv2=NOS%7c182%7c185%7c190%7c180%7c192%7c195%7c175%7c200%7c205%7c202&start=0&sz=62/fr/fr/slub-jersey-short-sleeve-tee/0P3756-2059-L.html
5,Jack's Base Regular Fit T-Shirt,"22,99 €",https://www.oneill.com/fr/fr/t-shirts?cgid=men-tees&prefn1=published&prefv1=true&prefn2=seasons&prefv2=NOS%7c182%7c185%7c190%7c180%7c192%7c195%7c175%7c200%7c205%7c202&start=0&sz=62/fr/fr/slub-jersey-short-sleeve-tee/0P3756-2059-L.html
6,Jack's Base Regular Fit T-Shirt,"22,99 €",https://www.oneill.com/fr/fr/t-shirts?cgid=men-tees&prefn1=published&prefv1=true&prefn2=seasons&prefv2=NOS%7c182%7c185%7c190%7c180%7c192%7c195%7c175%7c200%7c205%7c202&start=0&sz=62/fr/fr/slub-jersey-short-sleeve-tee/0P3756-2059-L.html
7,Wave T-Shirt,"19,99 €",https://www.oneill.com/fr/fr/t-shirts?cgid=men-tees&prefn1=published&prefv1=true&prefn2=seasons&prefv2=NOS%7c182%7c185%7c190%7c180%7c192%7c195%7c175%7c200%7c205%7c202&start=0&sz=62/fr/fr/slub-jersey-short-sleeve-tee/0P3756-2059-L.html
8,Jack's Utility T-Shirt,"25,99 €",https://www.oneill.com/fr/fr/t-shirts?cgid=men-tees&prefn1=published&prefv1=true&prefn2=seasons&prefv2=NOS%7c182%7c185%7c190%7c180%7c192%7c195%7c175%7c200%7c205%7c202&start=0&sz=62/fr/fr/slub-jersey-short-sleeve-tee/0P3756-2059-L.html
9,Wave T-Shirt,"19,99 €",https://www.oneill.com/fr/fr/t-shirts?cgid=men-tees&prefn1=published&prefv1=true&prefn2=seasons&prefv2=NOS%7c182%7c185%7c190%7c180%7c192%7c195%7c175%7c200%7c205%7c202&start=0&sz=62/fr/fr/slub-jersey-short-sleeve-tee/0P3756-2059-L.html
10,Jack's Base T-Shirt,"22,99 €",https://www.oneill.com/fr/fr/t-shirts?cgid=men-tees&prefn1=published&prefv1=true&prefn2=seasons&prefv2=NOS%7c182%7c185%7c190%7c180%7c192%7c195%7c175%7c200%7c205%7c202&start=0&sz=62/fr/fr/slub-jersey-short-sleeve-tee/0P3756-2059-L.html
11,Jack's Base T-Shirt,"22,99 €",https://www.oneill.com/fr/fr/t-shirts?cgid=men-tees&prefn1=published&prefv1=true&prefn2=seasons&prefv2=NOS%7c182%7c185%7c190%7c180%7c192%7c195%7c175%7c200%7c205%7c202&start=0&sz=62/fr/fr/slub-jersey-short-sleeve-tee/0P3756-2059-L.html
12,Triple Stack Polo,"39,99 €",https://www.oneill.com/fr/fr/t-shirts?cgid=men-tees&prefn1=published&prefv1=true&prefn2=seasons&prefv2=NOS%7c182%7c185%7c190%7c180%7c192%7c195%7c175%7c200%7c205%7c202&start=0&sz=62/fr/fr/slub-jersey-short-sleeve-tee/0P3756-2059-L.html
13,Jack's Base T-Shirt,"22,99 €",https://www.oneill.com/fr/fr/t-shirts?cgid=men-tees&prefn1=published&prefv1=true&prefn2=seasons&prefv2=NOS%7c182%7c185%7c190%7c180%7c192%7c195%7c175%7c200%7c205%7c202&start=0&sz=62/fr/fr/slub-jersey-short-sleeve-tee/0P3756-2059-L.html
14,Triple Stack Polo,"39,99 €",https://www.oneill.com/fr/fr/t-shirts?cgid=men-tees&prefn1=published&prefv1=true&prefn2=seasons&prefv2=NOS%7c182%7c185%7c190%7c180%7c192%7c195%7c175%7c200%7c205%7c202&start=0&sz=62/fr/fr/slub-jersey-short-sleeve-tee/0P3756-2059-L.html
15,Jack's Base T-Shirt,"22,99 €",https://www.oneill.com/fr/fr/t-shirts?cgid=men-tees&prefn1=published&prefv1=true&prefn2=seasons&prefv2=NOS%7c182%7c185%7c190%7c180%7c192%7c195%7c175%7c200%7c205%7c202&start=0&sz=62/fr/fr/slub-jersey-short-sleeve-tee/0P3756-2059-L.html
16,Triple Stack T-Shirt,"22,99 €",https://www.oneill.com/fr/fr/t-shirts?cgid=men-tees&prefn1=published&prefv1=true&prefn2=seasons&prefv2=NOS%7c182%7c185%7c190%7c180%7c192%7c195%7c175%7c200%7c205%7c202&start=0&sz=62/fr/fr/slub-jersey-short-sleeve-tee/0P3756-2059-L.html
17,Triple Stack Polo,"39,99 €",https://www.oneill.com/fr/fr/t-shirts?cgid=men-tees&prefn1=published&prefv1=true&prefn2=seasons&prefv2=NOS%7c182%7c185%7c190%7c180%7c192%7c195%7c175%7c200%7c205%7c202&start=0&sz=62/fr/fr/slub-jersey-short-sleeve-tee/0P3756-2059-L.html
18,Triple Stack T-Shirt,"22,99 €",https://www.oneill.com/fr/fr/t-shirts?cgid=men-tees&prefn1=published&prefv1=true&prefn2=seasons&prefv2=NOS%7c182%7c185%7c190%7c180%7c192%7c195%7c175%7c200%7c205%7c202&start=0&sz=62/fr/fr/slub-jersey-short-sleeve-tee/0P3756-2059-L.html
19,Jack's Piqué Melange T-Shirt,"29,99 €",https://www.oneill.com/fr/fr/t-shirts?cgid=men-tees&prefn1=published&prefv1=true&prefn2=seasons&prefv2=NOS%7c182%7c185%7c190%7c180%7c192%7c195%7c175%7c200%7c205%7c202&start=0&sz=62/fr/fr/slub-jersey-short-sleeve-tee/0P3756-2059-L.html
20,Jack's Utility T-Shirt,"25,99 €",https://www.oneill.com/fr/fr/t-shirts?cgid=men-tees&prefn1=published&prefv1=true&prefn2=seasons&prefv2=NOS%7c182%7c185%7c190%7c180%7c192%7c195%7c175%7c200%7c205%7c202&start=0&sz=62/fr/fr/slub-jersey-short-sleeve-tee/0P3756-2059-L.html
21,O'N Capital T-Shirt,"25,99 €",https://www.oneill.com/fr/fr/t-shirts?cgid=men-tees&prefn1=published&prefv1=true&prefn2=seasons&prefv2=NOS%7c182%7c185%7c190%7c180%7c192%7c195%7c175%7c200%7c205%7c202&start=0&sz=62/fr/fr/slub-jersey-short-sleeve-tee/0P3756-2059-L.html
22,O'N Capital T-Shirt,"25,99 €",https://www.oneill.com/fr/fr/t-shirts?cgid=men-tees&prefn1=published&prefv1=true&prefn2=seasons&prefv2=NOS%7c182%7c185%7c190%7c180%7c192%7c195%7c175%7c200%7c205%7c202&start=0&sz=62/fr/fr/slub-jersey-short-sleeve-tee/0P3756-2059-L.html
23,Triple Stack T-Shirt,"22,99 €",https://www.oneill.com/fr/fr/t-shirts?cgid=men-tees&prefn1=published&prefv1=true&prefn2=seasons&prefv2=NOS%7c182%7c185%7c190%7c180%7c192%7c195%7c175%7c200%7c205%7c202&start=0&sz=62/fr/fr/slub-jersey-short-sleeve-tee/0P3756-2059-L.html
24,Triple Stack T-Shirt,"22,99 €",https://www.oneill.com/fr/fr/t-shirts?cgid=men-tees&prefn1=published&prefv1=true&prefn2=seasons&prefv2=NOS%7c182%7c185%7c190%7c180%7c192%7c195%7c175%7c200%7c205%7c202&start=0&sz=62/fr/fr/slub-jersey-short-sleeve-tee/0P3756-2059-L.html
25,Jack's Utility T-Shirt,"25,99 €",https://www.oneill.com/fr/fr/t-shirts?cgid=men-tees&prefn1=published&prefv1=true&prefn2=seasons&prefv2=NOS%7c182%7c185%7c190%7c180%7c192%7c195%7c175%7c200%7c205%7c202&start=0&sz=62/fr/fr/slub-jersey-short-sleeve-tee/0P3756-2059-L.html
26,Jack's Piqué Melange T-Shirt,"29,99 €",https://www.oneill.com/fr/fr/t-shirts?cgid=men-tees&prefn1=published&prefv1=true&prefn2=seasons&prefv2=NOS%7c182%7c185%7c190%7c180%7c192%7c195%7c175%7c200%7c205%7c202&start=0&sz=62/fr/fr/slub-jersey-short-sleeve-tee/0P3756-2059-L.html
27,Jack's Utility T-Shirt,"25,99 €",https://www.oneill.com/fr/fr/t-shirts?cgid=men-tees&prefn1=published&prefv1=true&prefn2=seasons&prefv2=NOS%7c182%7c185%7c190%7c180%7c192%7c195%7c175%7c200%7c205%7c202&start=0&sz=62/fr/fr/slub-jersey-short-sleeve-tee/0P3756-2059-L.html
28,Jack's Piqué Melange T-Shirt,"29,99 €",https://www.oneill.com/fr/fr/t-shirts?cgid=men-tees&prefn1=published&prefv1=true&prefn2=seasons&prefv2=NOS%7c182%7c185%7c190%7c180%7c192%7c195%7c175%7c200%7c205%7c202&start=0&sz=62/fr/fr/slub-jersey-short-sleeve-tee/0P3756-2059-L.html
29,Triple Stack T-Shirt,"22,99 €",https://www.oneill.com/fr/fr/t-shirts?cgid=men-tees&prefn1=published&prefv1=true&prefn2=seasons&prefv2=NOS%7c182%7c185%7c190%7c180%7c192%7c195%7c175%7c200%7c205%7c202&start=0&sz=62/fr/fr/slub-jersey-short-sleeve-tee/0P3756-2059-L.html
30,Triple Stack T-Shirt,"22,99 €",https://www.oneill.com/fr/fr/t-shirts?cgid=men-tees&prefn1=published&prefv1=true&prefn2=seasons&prefv2=NOS%7c182%7c185%7c190%7c180%7c192%7c195%7c175%7c200%7c205%7c202&start=0&sz=62/fr/fr/slub-jersey-short-sleeve-tee/0P3756-2059-L.html
31,Triple Stack T-Shirt,"22,99 €",https://www.oneill.com/fr/fr/t-shirts?cgid=men-tees&prefn1=published&prefv1=true&prefn2=seasons&prefv2=NOS%7c182%7c185%7c190%7c180%7c192%7c195%7c175%7c200%7c205%7c202&start=0&sz=62/fr/fr/slub-jersey-short-sleeve-tee/0P3756-2059-L.html
32,Combi Stripe Crew Neck T-Shirt,"39,99 €",https://www.oneill.com/fr/fr/t-shirts?cgid=men-tees&prefn1=published&prefv1=true&prefn2=seasons&prefv2=NOS%7c182%7c185%7c190%7c180%7c192%7c195%7c175%7c200%7c205%7c202&start=0&sz=62/fr/fr/slub-jersey-short-sleeve-tee/0P3756-2059-L.html
33,Combi Stripe Crew Neck T-Shirt,"39,99 €",https://www.oneill.com/fr/fr/t-shirts?cgid=men-tees&prefn1=published&prefv1=true&prefn2=seasons&prefv2=NOS%7c182%7c185%7c190%7c180%7c192%7c195%7c175%7c200%7c205%7c202&start=0&sz=62/fr/fr/slub-jersey-short-sleeve-tee/0P3756-2059-L.html
34,World Ocean Day Polo Shirt,"59,99 €",https://www.oneill.com/fr/fr/t-shirts?cgid=men-tees&prefn1=published&prefv1=true&prefn2=seasons&prefv2=NOS%7c182%7c185%7c190%7c180%7c192%7c195%7c175%7c200%7c205%7c202&start=0&sz=62/fr/fr/slub-jersey-short-sleeve-tee/0P3756-2059-L.html
35,World Ocean Day Polo Shirt,"59,99 €",https://www.oneill.com/fr/fr/t-shirts?cgid=men-tees&prefn1=published&prefv1=true&prefn2=seasons&prefv2=NOS%7c182%7c185%7c190%7c180%7c192%7c195%7c175%7c200%7c205%7c202&start=0&sz=62/fr/fr/slub-jersey-short-sleeve-tee/0P3756-2059-L.html
36,World Ocean Day Polo Shirt,"59,99 €",https://www.oneill.com/fr/fr/t-shirts?cgid=men-tees&prefn1=published&prefv1=true&prefn2=seasons&prefv2=NOS%7c182%7c185%7c190%7c180%7c192%7c195%7c175%7c200%7c205%7c202&start=0&sz=62/fr/fr/slub-jersey-short-sleeve-tee/0P3756-2059-L.html
37,World Ocean Day Polo Shirt,"59,99 €",https://www.oneill.com/fr/fr/t-shirts?cgid=men-tees&prefn1=published&prefv1=true&prefn2=seasons&prefv2=NOS%7c182%7c185%7c190%7c180%7c192%7c195%7c175%7c200%7c205%7c202&start=0&sz=62/fr/fr/slub-jersey-short-sleeve-tee/0P3756-2059-L.html
38,World Ocean Day Polo Shirt,"59,99 €",https://www.oneill.com/fr/fr/t-shirts?cgid=men-tees&prefn1=published&prefv1=true&prefn2=seasons&prefv2=NOS%7c182%7c185%7c190%7c180%7c192%7c195%7c175%7c200%7c205%7c202&start=0&sz=62/fr/fr/slub-jersey-short-sleeve-tee/0P3756-2059-L.html
39,T-Shirt,"29,99 €",https://www.oneill.com/fr/fr/t-shirts?cgid=men-tees&prefn1=published&prefv1=true&prefn2=seasons&prefv2=NOS%7c182%7c185%7c190%7c180%7c192%7c195%7c175%7c200%7c205%7c202&start=0&sz=62/fr/fr/slub-jersey-short-sleeve-tee/0P3756-2059-L.html
40,Legacy T-Shirt,"29,99 €",https://www.oneill.com/fr/fr/t-shirts?cgid=men-tees&prefn1=published&prefv1=true&prefn2=seasons&prefv2=NOS%7c182%7c185%7c190%7c180%7c192%7c195%7c175%7c200%7c205%7c202&start=0&sz=62/fr/fr/slub-jersey-short-sleeve-tee/0P3756-2059-L.html
41,Jack's Base V-Neck T-Shirt,"22,99 €


            




        
        16,09 €",https://www.oneill.com/fr/fr/t-shirts?cgid=men-tees&prefn1=published&prefv1=true&prefn2=seasons&prefv2=NOS%7c182%7c185%7c190%7c180%7c192%7c195%7c175%7c200%7c205%7c202&start=0&sz=62/fr/fr/slub-jersey-short-sleeve-tee/0P3756-2059-L.html
42,Jack's Base V-Neck T-Shirt,"22,99 €


            




        
        16,09 €",https://www.oneill.com/fr/fr/t-shirts?cgid=men-tees&prefn1=published&prefv1=true&prefn2=seasons&prefv2=NOS%7c182%7c185%7c190%7c180%7c192%7c195%7c175%7c200%7c205%7c202&start=0&sz=62/fr/fr/slub-jersey-short-sleeve-tee/0P3756-2059-L.html
43,Jack's Base V-Neck T-Shirt,"22,99 €


            




        
        16,09 €",https://www.oneill.com/fr/fr/t-shirts?cgid=men-tees&prefn1=published&prefv1=true&prefn2=seasons&prefv2=NOS%7c182%7c185%7c190%7c180%7c192%7c195%7c175%7c200%7c205%7c202&start=0&sz=62/fr/fr/slub-jersey-short-sleeve-tee/0P3756-2059-L.html
44,Jack's Base V-Neck T-Shirt,"22,99 €


            




        
        16,09 €",https://www.oneill.com/fr/fr/t-shirts?cgid=men-tees&prefn1=published&prefv1=true&prefn2=seasons&prefv2=NOS%7c182%7c185%7c190%7c180%7c192%7c195%7c175%7c200%7c205%7c202&start=0&sz=62/fr/fr/slub-jersey-short-sleeve-tee/0P3756-2059-L.html
45,Yardage Waffle Longsleeve T-Shirt,"49,99 €


            




        
        34,99 €",https://www.oneill.com/fr/fr/t-shirts?cgid=men-tees&prefn1=published&prefv1=true&prefn2=seasons&prefv2=NOS%7c182%7c185%7c190%7c180%7c192%7c195%7c175%7c200%7c205%7c202&start=0&sz=62/fr/fr/slub-jersey-short-sleeve-tee/0P3756-2059-L.html
46,Yardage Waffle Longsleeve T-Shirt,"49,99 €


            




        
        34,99 €",https://www.oneill.com/fr/fr/t-shirts?cgid=men-tees&prefn1=published&prefv1=true&prefn2=seasons&prefv2=NOS%7c182%7c185%7c190%7c180%7c192%7c195%7c175%7c200%7c205%7c202&start=0&sz=62/fr/fr/slub-jersey-short-sleeve-tee/0P3756-2059-L.html
47,Waffle Longsleeve T-Shirt,"39,99 €


            




        
        27,99 €",https://www.oneill.com/fr/fr/t-shirts?cgid=men-tees&prefn1=published&prefv1=true&prefn2=seasons&prefv2=NOS%7c182%7c185%7c190%7c180%7c192%7c195%7c175%7c200%7c205%7c202&start=0&sz=62/fr/fr/slub-jersey-short-sleeve-tee/0P3756-2059-L.html
48,Yardage Waffle Longsleeve T-Shirt,"49,99 €


            




        
        34,99 €",https://www.oneill.com/fr/fr/t-shirts?cgid=men-tees&prefn1=published&prefv1=true&prefn2=seasons&prefv2=NOS%7c182%7c185%7c190%7c180%7c192%7c195%7c175%7c200%7c205%7c202&start=0&sz=62/fr/fr/slub-jersey-short-sleeve-tee/0P3756-2059-L.html
49,Waffle Longsleeve T-Shirt,"39,99 €


            




        
        27,99 €",https://www.oneill.com/fr/fr/t-shirts?cgid=men-tees&prefn1=published&prefv1=true&prefn2=seasons&prefv2=NOS%7c182%7c185%7c190%7c180%7c192%7c195%7c175%7c200%7c205%7c202&start=0&sz=62/fr/fr/slub-jersey-short-sleeve-tee/0P3756-2059-L.html
50,Waffle Longsleeve T-Shirt,"39,99 €


            




        
        27,99 €",https://www.oneill.com/fr/fr/t-shirts?cgid=men-tees&prefn1=published&prefv1=true&prefn2=seasons&prefv2=NOS%7c182%7c185%7c190%7c180%7c192%7c195%7c175%7c200%7c205%7c202&start=0&sz=62/fr/fr/slub-jersey-short-sleeve-tee/0P3756-2059-L.html
51,Uni Outdoor Longsleeve T-Shirt,"29,99 €


            




        
        20,99 €",https://www.oneill.com/fr/fr/t-shirts?cgid=men-tees&prefn1=published&prefv1=true&prefn2=seasons&prefv2=NOS%7c182%7c185%7c190%7c180%7c192%7c195%7c175%7c200%7c205%7c202&start=0&sz=62/fr/fr/slub-jersey-short-sleeve-tee/0P3756-2059-L.html
52,Dan T-Shirt,"29,99 €


            




        
        20,99 €",https://www.oneill.com/fr/fr/t-shirts?cgid=men-tees&prefn1=published&prefv1=true&prefn2=seasons&prefv2=NOS%7c182%7c185%7c190%7c180%7c192%7c195%7c175%7c200%7c205%7c202&start=0&sz=62/fr/fr/slub-jersey-short-sleeve-tee/0P3756-2059-L.html
53,Uni Outdoor Longsleeve T-Shirt,"29,99 €


            




        
        20,99 €",https://www.oneill.com/fr/fr/t-shirts?cgid=men-tees&prefn1=published&prefv1=true&prefn2=seasons&prefv2=NOS%7c182%7c185%7c190%7c180%7c192%7c195%7c175%7c200%7c205%7c202&start=0&sz=62/fr/fr/slub-jersey-short-sleeve-tee/0P3756-2059-L.html
54,Uni Outdoor Longsleeve T-Shirt,"29,99 €


            




        
        20,99 €",https://www.oneill.com/fr/fr/t-shirts?cgid=men-tees&prefn1=published&prefv1=true&prefn2=seasons&prefv2=NOS%7c182%7c185%7c190%7c180%7c192%7c195%7c175%7c200%7c205%7c202&start=0&sz=62/fr/fr/slub-jersey-short-sleeve-tee/0P3756-2059-L.html
55,Uni Outdoor Longsleeve T-Shirt,"29,99 €


            




        
        20,99 €",https://www.oneill.com/fr/fr/t-shirts?cgid=men-tees&prefn1=published&prefv1=true&prefn2=seasons&prefv2=NOS%7c182%7c185%7c190%7c180%7c192%7c195%7c175%7c200%7c205%7c202&start=0&sz=62/fr/fr/slub-jersey-short-sleeve-tee/0P3756-2059-L.html
56,Old School T-Shirt,"29,99 €


            




        
        20,99 €",https://www.oneill.com/fr/fr/t-shirts?cgid=men-tees&prefn1=published&prefv1=true&prefn2=seasons&prefv2=NOS%7c182%7c185%7c190%7c180%7c192%7c195%7c175%7c200%7c205%7c202&start=0&sz=62/fr/fr/slub-jersey-short-sleeve-tee/0P3756-2059-L.html
57,Old School T-Shirt,"29,99 €


            




        
        20,99 €",https://www.oneill.com/fr/fr/t-shirts?cgid=men-tees&prefn1=published&prefv1=true&prefn2=seasons&prefv2=NOS%7c182%7c185%7c190%7c180%7c192%7c195%7c175%7c200%7c205%7c202&start=0&sz=62/fr/fr/slub-jersey-short-sleeve-tee/0P3756-2059-L.html
58,Old School T-Shirt,"29,99 €


            




        
        20,99 €",https://www.oneill.com/fr/fr/t-shirts?cgid=men-tees&prefn1=published&prefv1=true&prefn2=seasons&prefv2=NOS%7c182%7c185%7c190%7c180%7c192%7c195%7c175%7c200%7c205%7c202&start=0&sz=62/fr/fr/slub-jersey-short-sleeve-tee/0P3756-2059-L.html
59,Dan T-Shirt,"29,99 €


            




        
        20,99 €",https://www.oneill.com/fr/fr/t-shirts?cgid=men-tees&prefn1=published&prefv1=true&prefn2=seasons&prefv2=NOS%7c182%7c185%7c190%7c180%7c192%7c195%7c175%7c200%7c205%7c202&start=0&sz=62/fr/fr/slub-jersey-short-sleeve-tee/0P3756-2059-L.html
60,Old School T-Shirt,"29,99 €


            




        
        20,99 €",https://www.oneill.com/fr/fr/t-shirts?cgid=men-tees&prefn1=published&prefv1=true&prefn2=seasons&prefv2=NOS%7c182%7c185%7c190%7c180%7c192%7c195%7c175%7c200%7c205%7c202&start=0&sz=62/fr/fr/slub-jersey-short-sleeve-tee/0P3756-2059-L.html
61,Old School T-Shirt,"29,99 €


            




        
        20,99 €",https://www.oneill.com/fr/fr/t-shirts?cgid=men-tees&prefn1=published&prefv1=true&prefn2=seasons&prefv2=NOS%7c182%7c185%7c190%7c180%7c192%7c195%7c175%7c200%7c205%7c202&start=0&sz=62/fr/fr/slub-jersey-short-sleeve-tee/0P3756-2059-L.html
62,Old School T-Shirt,"29,99 €


            




        
        20,99 €",https://www.oneill.com/fr/fr/t-shirts?cgid=men-tees&prefn1=published&prefv1=true&prefn2=seasons&prefv2=NOS%7c182%7c185%7c190%7c180%7c192%7c195%7c175%7c200%7c205%7c202&start=0&sz=62/fr/fr/slub-jersey-short-sleeve-tee/0P3756-2059-L.html
63,Slub Jersey Short Sleeve Tee,"35,99 €


            




        
        25,19 €",https://www.oneill.com/fr/fr/t-shirts?cgid=men-tees&prefn1=published&prefv1=true&prefn2=seasons&prefv2=NOS%7c182%7c185%7c190%7c180%7c192%7c195%7c175%7c200%7c205%7c202&start=0&sz=62/fr/fr/slub-jersey-short-sleeve-tee/0P3756-2059-L.html
